{
  "project_info": {
    "project_number": "635493455170",
    "firebase_url": "https://mybusapplication-629b6.firebaseio.com",
    "project_id": "mybusapplication-629b6",
    "storage_bucket": "mybusapplication-629b6.appspot.com"
  },
  "client": [
    {
      "client_info": {
        "mobilesdk_app_id": "1:635493455170:android:67534dea1eba4d1f",
        "android_client_info": {
          "package_name": "com.example.dishantrpatil.mybusapplication"
        }
      },
      "oauth_client": [
        {
          "client_id": "635493455170-atnqgjsrfsevoej08k6vl6a982cmvci5.apps.googleusercontent.com",
          "client_type": 1,
          "android_info": {
            "package_name": "com.example.dishantrpatil.mybusapplication",
            "certificate_hash": "36c7de067b2df02169b595a53311b4de138b0e99"
          }
        },
        {
          "client_id": "635493455170-qa4fsr4lkrqmh7hg95plii416c7so0d3.apps.googleusercontent.com",
          "client_type": 3
        }
      ],
      "api_key": [
        {
          "current_key": "AIzaSyAovICffrp67sOL5uIESHIILyamyAPkB4c"
        }
      ],
      "services": {
        "analytics_service": {
          "status": 1
        },
        "appinvite_service": {
          "status": 2,
          "other_platform_oauth_client": [
            {
              "client_id": "635493455170-qa4fsr4lkrqmh7hg95plii416c7so0d3.apps.googleusercontent.com",
              "client_type": 3
            }
          ]
        },
        "ads_service": {
          "status": 2
        }
      }
    }
  ],
  "configuration_version": "1"
}